CDST_AIHumanHandoff_v1	Middleware Authorization	authorization-value-redacted
CDST_AIHumanHandoff_v1	Return Result Through Middleware	authorization-value-redacted
CDST_AIWorkCompleted_v1	Middleware Authorization	authorization-value-redacted
CDST_AIWorkCompleted_v1	Return Result Through Middleware	authorization-value-redacted
CDST_AIWorkRequested_v1	Middleware Authorization	authorization-value-redacted
CDST_AIWorkRequested_v1	Return Result Through Middleware	authorization-value-redacted
CDST_AgentNoShow_v1	Middleware Authorization	authorization-value-redacted
CDST_AgentNoShow_v1	Return Result Through Middleware	authorization-value-redacted
CDST_Appointment1HourReminder_v1	Middleware Authorization	authorization-value-redacted
CDST_Appointment1HourReminder_v1	Return Result Through Middleware	authorization-value-redacted
CDST_Appointment24HourReminder_v1	Middleware Authorization	authorization-value-redacted
CDST_Appointment24HourReminder_v1	Return Result Through Middleware	authorization-value-redacted
CDST_AppointmentCreated_v1	Middleware Authorization	authorization-value-redacted
CDST_AppointmentCreated_v1	Return Result Through Middleware	authorization-value-redacted
CDST_CallbackDue_v1	Middleware Authorization	authorization-value-redacted
CDST_CallbackDue_v1	Return Result Through Middleware	authorization-value-redacted
CDST_CallbackOverdue_v1	Middleware Authorization	authorization-value-redacted
CDST_CallbackOverdue_v1	Return Result Through Middleware	authorization-value-redacted
CDST_CampaignRouter_v2	Middleware Authorization	authorization-value-redacted
CDST_CampaignRouter_v2	Return Result Through Middleware	authorization-value-redacted
CDST_CompleteExecution_v2	Middleware Authorization	authorization-value-redacted
CDST_CompleteExecution_v2	Return Result Through Middleware	authorization-value-redacted
CDST_CustomerNoShow_v1	Middleware Authorization	authorization-value-redacted
CDST_CustomerNoShow_v1	Return Result Through Middleware	authorization-value-redacted
CDST_DailyAdminReport_v1	Middleware Authorization	authorization-value-redacted
CDST_DailyAdminReport_v1	Return Result Through Middleware	authorization-value-redacted
CDST_DailyAgentReport_v1	Middleware Authorization	authorization-value-redacted
CDST_DailyAgentReport_v1	Return Result Through Middleware	authorization-value-redacted
CDST_DailyCampaignReport_v1	Middleware Authorization	authorization-value-redacted
CDST_DailyCampaignReport_v1	Return Result Through Middleware	authorization-value-redacted
CDST_DailySupervisorReport_v1	Middleware Authorization	authorization-value-redacted
CDST_DailySupervisorReport_v1	Return Result Through Middleware	authorization-value-redacted
CDST_DeadLetterRecovery_v1	Middleware Authorization	authorization-value-redacted
CDST_DeadLetterRecovery_v1	Return Result Through Middleware	authorization-value-redacted
CDST_DocumentMissing_v1	Middleware Authorization	authorization-value-redacted
CDST_DocumentMissing_v1	Return Result Through Middleware	authorization-value-redacted
CDST_DocumentReceived_v1	Middleware Authorization	authorization-value-redacted
CDST_DocumentReceived_v1	Return Result Through Middleware	authorization-value-redacted
CDST_DocumentRequested_v1	Middleware Authorization	authorization-value-redacted
CDST_DocumentRequested_v1	Return Result Through Middleware	authorization-value-redacted
CDST_EmailReplyReceived_v1	Middleware Authorization	authorization-value-redacted
CDST_EmailReplyReceived_v1	Return Result Through Middleware	authorization-value-redacted
CDST_EmailSend_v1	Middleware Authorization	authorization-value-redacted
CDST_EmailSend_v1	Return Result Through Middleware	authorization-value-redacted
CDST_ErrorHandler_v1	Middleware Authorization	authorization-value-redacted
CDST_ErrorHandler_v1	Return Result Through Middleware	authorization-value-redacted
CDST_EventRouter_v2	Middleware Authorization	authorization-value-redacted
CDST_EventRouter_v2	Return Result Through Middleware	authorization-value-redacted
CDST_FollowupDue_v1	Middleware Authorization	authorization-value-redacted
CDST_FollowupDue_v1	Return Result Through Middleware	authorization-value-redacted
CDST_FollowupOverdue_v1	Middleware Authorization	authorization-value-redacted
CDST_FollowupOverdue_v1	Return Result Through Middleware	authorization-value-redacted
CDST_LeadAssignment_v1	Middleware Authorization	authorization-value-redacted
CDST_LeadAssignment_v1	Return Result Through Middleware	authorization-value-redacted
CDST_ManagerEscalation_v1	Middleware Authorization	authorization-value-redacted
CDST_ManagerEscalation_v1	Return Result Through Middleware	authorization-value-redacted
CDST_NextActionCreated_v1	Middleware Authorization	authorization-value-redacted
CDST_NextActionCreated_v1	Return Result Through Middleware	authorization-value-redacted
CDST_NoActivity_v1	Middleware Authorization	authorization-value-redacted
CDST_NoActivity_v1	Return Result Through Middleware	authorization-value-redacted
CDST_SMSAuthorizedSend_v1	Middleware Authorization	authorization-value-redacted
CDST_SMSAuthorizedSend_v1	Return Result Through Middleware	authorization-value-redacted
CDST_SMSReplyReceived_v1	Middleware Authorization	authorization-value-redacted
CDST_SMSReplyReceived_v1	Return Result Through Middleware	authorization-value-redacted
CDST_SupervisorEscalation_v1	Middleware Authorization	authorization-value-redacted
CDST_SupervisorEscalation_v1	Return Result Through Middleware	authorization-value-redacted
codestra_contract_sent	Middleware Authorization	authorization-value-redacted
codestra_contract_sent	Return Result Through Middleware	authorization-value-redacted
codestra_deposit_received	Middleware Authorization	authorization-value-redacted
codestra_deposit_received	Return Result Through Middleware	authorization-value-redacted
codestra_discovery_completed	Middleware Authorization	authorization-value-redacted
codestra_discovery_completed	Return Result Through Middleware	authorization-value-redacted
codestra_discovery_scheduled	Middleware Authorization	authorization-value-redacted
codestra_discovery_scheduled	Return Result Through Middleware	authorization-value-redacted
codestra_project_handoff	Middleware Authorization	authorization-value-redacted
codestra_project_handoff	Return Result Through Middleware	authorization-value-redacted
codestra_proposal_overdue	Middleware Authorization	authorization-value-redacted
codestra_proposal_overdue	Return Result Through Middleware	authorization-value-redacted
codestra_proposal_sent	Middleware Authorization	authorization-value-redacted
codestra_proposal_sent	Return Result Through Middleware	authorization-value-redacted
codestra_retainer_followup	Middleware Authorization	authorization-value-redacted
codestra_retainer_followup	Return Result Through Middleware	authorization-value-redacted
codestra_technical_review	Middleware Authorization	authorization-value-redacted
codestra_technical_review	Return Result Through Middleware	authorization-value-redacted
moneybee_additional_info	Middleware Authorization	authorization-value-redacted
moneybee_additional_info	Return Result Through Middleware	authorization-value-redacted
moneybee_application_started	Middleware Authorization	authorization-value-redacted
moneybee_application_started	Return Result Through Middleware	authorization-value-redacted
moneybee_documents_overdue	Middleware Authorization	authorization-value-redacted
moneybee_documents_overdue	Return Result Through Middleware	authorization-value-redacted
moneybee_documents_partial	Middleware Authorization	authorization-value-redacted
moneybee_documents_partial	Return Result Through Middleware	authorization-value-redacted
moneybee_documents_requested	Middleware Authorization	authorization-value-redacted
moneybee_documents_requested	Return Result Through Middleware	authorization-value-redacted
moneybee_funding_followup	Middleware Authorization	authorization-value-redacted
moneybee_funding_followup	Return Result Through Middleware	authorization-value-redacted
moneybee_offer_sent	Middleware Authorization	authorization-value-redacted
moneybee_offer_sent	Return Result Through Middleware	authorization-value-redacted
moneybee_post_funding	Middleware Authorization	authorization-value-redacted
moneybee_post_funding	Return Result Through Middleware	authorization-value-redacted
moneybee_prequalified	Middleware Authorization	authorization-value-redacted
moneybee_prequalified	Return Result Through Middleware	authorization-value-redacted
moneybee_renewal	Middleware Authorization	authorization-value-redacted
moneybee_renewal	Return Result Through Middleware	authorization-value-redacted
moneybee_underwriting_followup	Middleware Authorization	authorization-value-redacted
moneybee_underwriting_followup	Return Result Through Middleware	authorization-value-redacted
senior_delivery_followup	Middleware Authorization	authorization-value-redacted
senior_delivery_followup	Return Result Through Middleware	authorization-value-redacted
senior_payment_confirmed	Middleware Authorization	authorization-value-redacted
senior_payment_confirmed	Return Result Through Middleware	authorization-value-redacted
senior_payment_pending	Middleware Authorization	authorization-value-redacted
senior_payment_pending	Return Result Through Middleware	authorization-value-redacted
senior_product_selected	Middleware Authorization	authorization-value-redacted
senior_product_selected	Return Result Through Middleware	authorization-value-redacted
senior_reorder_due	Middleware Authorization	authorization-value-redacted
senior_reorder_due	Return Result Through Middleware	authorization-value-redacted
senior_shipped	Middleware Authorization	authorization-value-redacted
senior_shipped	Return Result Through Middleware	authorization-value-redacted
senior_support	Middleware Authorization	authorization-value-redacted
senior_support	Return Result Through Middleware	authorization-value-redacted
student_additional_info	Middleware Authorization	authorization-value-redacted
student_additional_info	Return Result Through Middleware	authorization-value-redacted
student_counselor_appointment	Middleware Authorization	authorization-value-redacted
student_counselor_appointment	Return Result Through Middleware	authorization-value-redacted
student_documents_missing	Middleware Authorization	authorization-value-redacted
student_documents_missing	Return Result Through Middleware	authorization-value-redacted
student_documents_requested	Middleware Authorization	authorization-value-redacted
student_documents_requested	Return Result Through Middleware	authorization-value-redacted
student_eligibility_review	Middleware Authorization	authorization-value-redacted
student_eligibility_review	Return Result Through Middleware	authorization-value-redacted
student_enrollment_followup	Middleware Authorization	authorization-value-redacted
student_enrollment_followup	Return Result Through Middleware	authorization-value-redacted
student_response_followup	Middleware Authorization	authorization-value-redacted
student_response_followup	Return Result Through Middleware	authorization-value-redacted
student_submission	Middleware Authorization	authorization-value-redacted
student_submission	Return Result Through Middleware	authorization-value-redacted
transportation_carrier_packet	Middleware Authorization	authorization-value-redacted
transportation_carrier_packet	Return Result Through Middleware	authorization-value-redacted
transportation_delivery_followup	Middleware Authorization	authorization-value-redacted
transportation_delivery_followup	Return Result Through Middleware	authorization-value-redacted
transportation_load_booked	Middleware Authorization	authorization-value-redacted
transportation_load_booked	Return Result Through Middleware	authorization-value-redacted
transportation_pickup_reminder	Middleware Authorization	authorization-value-redacted
transportation_pickup_reminder	Return Result Through Middleware	authorization-value-redacted
transportation_quote_requested	Middleware Authorization	authorization-value-redacted
transportation_quote_requested	Return Result Through Middleware	authorization-value-redacted
transportation_quote_sent_followup	Middleware Authorization	authorization-value-redacted
transportation_quote_sent_followup	Return Result Through Middleware	authorization-value-redacted
transportation_repeat_load	Middleware Authorization	authorization-value-redacted
transportation_repeat_load	Return Result Through Middleware	authorization-value-redacted
