comparison	classification	workflow_id
server-production-vs-old-workflows	server_only	CdstWF0000
server-production-vs-old-workflows	server_only	CdstWF1001
server-production-vs-old-workflows	server_only	CdstWF2002
server-production-vs-old-workflows	server_only	CdstWF3003
server-production-vs-old-workflows	server_only	CdstWF4004
server-production-vs-old-workflows	server_only	CdstWF5005
server-production-vs-old-workflows	server_only	CdstWF6006
server-production-vs-old-workflows	server_only	CdstWF7007
server-production-vs-old-workflows	server_only	CdstWF9008
server-production-vs-old-workflows	server_only	CodestraCP17
server-production-vs-old-workflows	server_only	CodestraCP18
server-production-vs-old-workflows	server_only	CodestraCP19
server-production-vs-old-workflows	server_only	CodestraCP20
server-production-vs-old-workflows	server_only	CodestraCP21
server-production-vs-old-workflows	server_only	CodestraCP22
server-production-vs-old-workflows	server_only	CodestraCP23
server-production-vs-old-workflows	server_only	CodestraCP24
server-production-vs-old-workflows	server_only	CodestraCP25
server-production-vs-old-workflows	server_only	CodestraCP26
server-production-vs-old-workflows	server_only	CodestraCP27
server-production-vs-old-workflows	server_only	CodestraCP28
server-production-vs-old-workflows	server_only	CodestraCP29
server-production-vs-old-workflows	server_only	CodestraCP30
server-production-vs-old-workflows	server_only	CodestraCP31
server-production-vs-old-workflows	server_only	CodestraCP32
server-production-vs-old-workflows	server_only	CodestraCP33
server-production-vs-old-workflows	server_only	CodestraCP34
server-production-vs-old-workflows	server_only	CodestraCP35
server-production-vs-old-workflows	server_only	CodestraCP36
server-production-vs-old-workflows	server_only	CodestraCP37
server-production-vs-old-workflows	server_only	CodestraCP90
server-production-vs-old-workflows	server_only	CodestraCallbackCompletedV1
server-production-vs-old-workflows	server_only	CodestraCallbackDueV1
server-production-vs-old-workflows	server_only	CodestraCallbackEscalationV1
server-production-vs-old-workflows	server_only	CodestraCallbackMissedV1
server-production-vs-old-workflows	server_only	CodestraCallbackReminderV1
server-production-vs-old-workflows	server_only	CodestraCallbackScheduledV1
server-production-vs-old-workflows	server_only	CodestraExternalWebhookCertV1
server-production-vs-old-workflows	server_only	InboundMailV1TS1
server-production-vs-old-workflows	server_only	MailBounceV1TS01
server-production-vs-old-workflows	server_only	MailComplaintV1T
server-production-vs-old-workflows	server_only	MailDeliveryV1T1
server-production-vs-old-workflows	server_only	MailReconV1TS001
server-production-vs-old-workflows	server_only	MailUserProvV1TS1
server-production-vs-old-workflows	server_only	N8W00GlobalError20260722
server-production-vs-old-workflows	server_only	N8W01IntakeRouter20260722
server-production-vs-old-workflows	server_only	N8W02CallbackAudit20260722
server-production-vs-old-workflows	server_only	N8W10RecordingResolver20260722
server-production-vs-old-workflows	server_only	N8W11AIEnrichment20260722
server-production-vs-old-workflows	server_only	N8W12FollowUpProposal20260722
server-production-vs-old-workflows	server_only	N8W13ComplianceQA20260722
server-production-vs-old-workflows	server_only	N8W14InternalAlert20260722
server-production-vs-old-workflows	server_only	N8W90Reconciliation20260722
server-production-vs-old-workflows	server_only	N8W99DeadLetterReplay20260722
server-production-vs-old-workflows	server_only	VoipOdooInternalCanary20260725
server-production-vs-old-workflows	github_only	CdstAutomationRouterV1
server-production-vs-old-workflows	github_only	CdstCallCompletedV1
server-production-vs-old-workflows	github_only	CdstCallbackDueV1
server-production-vs-old-workflows	github_only	CdstCompleteExecutionV1
server-production-vs-old-workflows	github_only	CdstDailyOperationsDigestV1
server-production-vs-old-workflows	github_only	CdstErrorDeadLetterV1
server-production-vs-old-workflows	github_only	CdstFailExecutionV1
server-production-vs-old-workflows	github_only	CdstFetchContextV1
server-production-vs-old-workflows	github_only	CdstHotLeadAlertV1
server-production-vs-old-workflows	github_only	CdstLeadEnrichmentV1
server-production-vs-old-workflows	github_only	CdstStartExecutionV1
server-production-vs-old-workflows	github_only	CdstVerifyEventV1
server-production-vs-new-all-branches-workflows	server_only	CDST_AIHumanHandoff_v1
server-production-vs-new-all-branches-workflows	server_only	CDST_AIWorkCompleted_v1
server-production-vs-new-all-branches-workflows	server_only	CDST_AIWorkRequested_v1
server-production-vs-new-all-branches-workflows	server_only	CDST_AgentNoShow_v1
server-production-vs-new-all-branches-workflows	server_only	CDST_Appointment1HourReminder_v1
server-production-vs-new-all-branches-workflows	server_only	CDST_Appointment24HourReminder_v1
server-production-vs-new-all-branches-workflows	server_only	CDST_AppointmentCreated_v1
server-production-vs-new-all-branches-workflows	server_only	CDST_CallbackDue_v1
server-production-vs-new-all-branches-workflows	server_only	CDST_CallbackOverdue_v1
server-production-vs-new-all-branches-workflows	server_only	CDST_CampaignRouter_v2
server-production-vs-new-all-branches-workflows	server_only	CDST_CompleteExecution_v2
server-production-vs-new-all-branches-workflows	server_only	CDST_CustomerNoShow_v1
server-production-vs-new-all-branches-workflows	server_only	CDST_DailyAdminReport_v1
server-production-vs-new-all-branches-workflows	server_only	CDST_DailyAgentReport_v1
server-production-vs-new-all-branches-workflows	server_only	CDST_DailyCampaignReport_v1
server-production-vs-new-all-branches-workflows	server_only	CDST_DailySupervisorReport_v1
server-production-vs-new-all-branches-workflows	server_only	CDST_DeadLetterRecovery_v1
server-production-vs-new-all-branches-workflows	server_only	CDST_DocumentMissing_v1
server-production-vs-new-all-branches-workflows	server_only	CDST_DocumentReceived_v1
server-production-vs-new-all-branches-workflows	server_only	CDST_DocumentRequested_v1
server-production-vs-new-all-branches-workflows	server_only	CDST_EmailReplyReceived_v1
server-production-vs-new-all-branches-workflows	server_only	CDST_EmailSend_v1
server-production-vs-new-all-branches-workflows	server_only	CDST_ErrorHandler_v1
server-production-vs-new-all-branches-workflows	server_only	CDST_EventRouter_v2
server-production-vs-new-all-branches-workflows	server_only	CDST_FollowupDue_v1
server-production-vs-new-all-branches-workflows	server_only	CDST_FollowupOverdue_v1
server-production-vs-new-all-branches-workflows	server_only	CDST_LeadAssignment_v1
server-production-vs-new-all-branches-workflows	server_only	CDST_ManagerEscalation_v1
server-production-vs-new-all-branches-workflows	server_only	CDST_NextActionCreated_v1
server-production-vs-new-all-branches-workflows	server_only	CDST_NoActivity_v1
server-production-vs-new-all-branches-workflows	server_only	CDST_SMSAuthorizedSend_v1
server-production-vs-new-all-branches-workflows	server_only	CDST_SMSReplyReceived_v1
server-production-vs-new-all-branches-workflows	server_only	CDST_SupervisorEscalation_v1
server-production-vs-new-all-branches-workflows	server_only	CodestraCP17
server-production-vs-new-all-branches-workflows	server_only	CodestraCP18
server-production-vs-new-all-branches-workflows	server_only	CodestraCP19
server-production-vs-new-all-branches-workflows	server_only	CodestraCP20
server-production-vs-new-all-branches-workflows	server_only	CodestraCP21
server-production-vs-new-all-branches-workflows	server_only	CodestraCP22
server-production-vs-new-all-branches-workflows	server_only	CodestraCP23
server-production-vs-new-all-branches-workflows	server_only	CodestraCP24
server-production-vs-new-all-branches-workflows	server_only	CodestraCP25
server-production-vs-new-all-branches-workflows	server_only	CodestraCP26
server-production-vs-new-all-branches-workflows	server_only	CodestraCP27
server-production-vs-new-all-branches-workflows	server_only	CodestraCP28
server-production-vs-new-all-branches-workflows	server_only	CodestraCP29
server-production-vs-new-all-branches-workflows	server_only	CodestraCP30
server-production-vs-new-all-branches-workflows	server_only	CodestraCP31
server-production-vs-new-all-branches-workflows	server_only	CodestraCP32
server-production-vs-new-all-branches-workflows	server_only	CodestraCP33
server-production-vs-new-all-branches-workflows	server_only	CodestraCP34
server-production-vs-new-all-branches-workflows	server_only	CodestraCP35
server-production-vs-new-all-branches-workflows	server_only	CodestraCP36
server-production-vs-new-all-branches-workflows	server_only	CodestraCP37
server-production-vs-new-all-branches-workflows	server_only	CodestraCP90
server-production-vs-new-all-branches-workflows	server_only	CodestraCallbackCompletedV1
server-production-vs-new-all-branches-workflows	server_only	CodestraCallbackDueV1
server-production-vs-new-all-branches-workflows	server_only	CodestraCallbackEscalationV1
server-production-vs-new-all-branches-workflows	server_only	CodestraCallbackMissedV1
server-production-vs-new-all-branches-workflows	server_only	CodestraCallbackReminderV1
server-production-vs-new-all-branches-workflows	server_only	CodestraCallbackScheduledV1
server-production-vs-new-all-branches-workflows	server_only	CodestraExternalWebhookCertV1
server-production-vs-new-all-branches-workflows	server_only	InboundMailV1TS1
server-production-vs-new-all-branches-workflows	server_only	MailBounceV1TS01
server-production-vs-new-all-branches-workflows	server_only	MailComplaintV1T
server-production-vs-new-all-branches-workflows	server_only	MailDeliveryV1T1
server-production-vs-new-all-branches-workflows	server_only	MailReconV1TS001
server-production-vs-new-all-branches-workflows	server_only	MailUserProvV1TS1
server-production-vs-new-all-branches-workflows	server_only	N8W00GlobalError20260722
server-production-vs-new-all-branches-workflows	server_only	N8W01IntakeRouter20260722
server-production-vs-new-all-branches-workflows	server_only	N8W02CallbackAudit20260722
server-production-vs-new-all-branches-workflows	server_only	N8W10RecordingResolver20260722
server-production-vs-new-all-branches-workflows	server_only	N8W11AIEnrichment20260722
server-production-vs-new-all-branches-workflows	server_only	N8W12FollowUpProposal20260722
server-production-vs-new-all-branches-workflows	server_only	N8W13ComplianceQA20260722
server-production-vs-new-all-branches-workflows	server_only	N8W14InternalAlert20260722
server-production-vs-new-all-branches-workflows	server_only	N8W90Reconciliation20260722
server-production-vs-new-all-branches-workflows	server_only	N8W99DeadLetterReplay20260722
server-production-vs-new-all-branches-workflows	server_only	VoipOdooInternalCanary20260725
server-production-vs-new-all-branches-workflows	server_only	codestra_contract_sent
server-production-vs-new-all-branches-workflows	server_only	codestra_deposit_received
server-production-vs-new-all-branches-workflows	server_only	codestra_discovery_completed
server-production-vs-new-all-branches-workflows	server_only	codestra_discovery_scheduled
server-production-vs-new-all-branches-workflows	server_only	codestra_project_handoff
server-production-vs-new-all-branches-workflows	server_only	codestra_proposal_overdue
server-production-vs-new-all-branches-workflows	server_only	codestra_proposal_sent
server-production-vs-new-all-branches-workflows	server_only	codestra_retainer_followup
server-production-vs-new-all-branches-workflows	server_only	codestra_technical_review
server-production-vs-new-all-branches-workflows	server_only	moneybee_additional_info
server-production-vs-new-all-branches-workflows	server_only	moneybee_application_started
server-production-vs-new-all-branches-workflows	server_only	moneybee_documents_overdue
server-production-vs-new-all-branches-workflows	server_only	moneybee_documents_partial
server-production-vs-new-all-branches-workflows	server_only	moneybee_documents_requested
server-production-vs-new-all-branches-workflows	server_only	moneybee_funding_followup
server-production-vs-new-all-branches-workflows	server_only	moneybee_offer_sent
server-production-vs-new-all-branches-workflows	server_only	moneybee_post_funding
server-production-vs-new-all-branches-workflows	server_only	moneybee_prequalified
server-production-vs-new-all-branches-workflows	server_only	moneybee_renewal
server-production-vs-new-all-branches-workflows	server_only	moneybee_underwriting_followup
server-production-vs-new-all-branches-workflows	server_only	senior_delivery_followup
server-production-vs-new-all-branches-workflows	server_only	senior_payment_confirmed
server-production-vs-new-all-branches-workflows	server_only	senior_payment_pending
server-production-vs-new-all-branches-workflows	server_only	senior_product_selected
server-production-vs-new-all-branches-workflows	server_only	senior_reorder_due
server-production-vs-new-all-branches-workflows	server_only	senior_shipped
server-production-vs-new-all-branches-workflows	server_only	senior_support
server-production-vs-new-all-branches-workflows	server_only	student_additional_info
server-production-vs-new-all-branches-workflows	server_only	student_counselor_appointment
server-production-vs-new-all-branches-workflows	server_only	student_documents_missing
server-production-vs-new-all-branches-workflows	server_only	student_documents_requested
server-production-vs-new-all-branches-workflows	server_only	student_eligibility_review
server-production-vs-new-all-branches-workflows	server_only	student_enrollment_followup
server-production-vs-new-all-branches-workflows	server_only	student_response_followup
server-production-vs-new-all-branches-workflows	server_only	student_submission
server-production-vs-new-all-branches-workflows	server_only	transportation_carrier_packet
server-production-vs-new-all-branches-workflows	server_only	transportation_delivery_followup
server-production-vs-new-all-branches-workflows	server_only	transportation_load_booked
server-production-vs-new-all-branches-workflows	server_only	transportation_pickup_reminder
server-production-vs-new-all-branches-workflows	server_only	transportation_quote_requested
server-production-vs-new-all-branches-workflows	server_only	transportation_quote_sent_followup
server-production-vs-new-all-branches-workflows	server_only	transportation_repeat_load
server-production-vs-new-all-branches-workflows	github_only	CdstAutomationRouterV1
server-production-vs-new-all-branches-workflows	github_only	CdstCallCompletedV1
server-production-vs-new-all-branches-workflows	github_only	CdstCallbackDueV1
server-production-vs-new-all-branches-workflows	github_only	CdstCompleteExecutionV1
server-production-vs-new-all-branches-workflows	github_only	CdstCrmVicidialReconciliationFailureV1
server-production-vs-new-all-branches-workflows	github_only	CdstCrmVicidialReconciliationV1
server-production-vs-new-all-branches-workflows	github_only	CdstDailyOperationsDigestV1
server-production-vs-new-all-branches-workflows	github_only	CdstErrorDeadLetterV1
server-production-vs-new-all-branches-workflows	github_only	CdstFailExecutionV1
server-production-vs-new-all-branches-workflows	github_only	CdstFetchContextV1
server-production-vs-new-all-branches-workflows	github_only	CdstHotLeadAlertV1
server-production-vs-new-all-branches-workflows	github_only	CdstLeadEnrichmentV1
server-production-vs-new-all-branches-workflows	github_only	CdstStartExecutionV1
server-production-vs-new-all-branches-workflows	github_only	CdstVerifyEventV1
server-staging-vs-old-workflows	server_only	0AJafUvCqEHDMVW0
server-staging-vs-old-workflows	server_only	0ec6AXJVGZNnj3PE
server-staging-vs-old-workflows	server_only	0uv6mrfJ2z6dmdOw
server-staging-vs-old-workflows	server_only	1ZHaGAAwCKut7tXJ
server-staging-vs-old-workflows	server_only	2dQQpp7ZtW8SOdtG
server-staging-vs-old-workflows	server_only	2n8Qw73rJp35Vluj
server-staging-vs-old-workflows	server_only	2uVI104Y0BNQqI7u
server-staging-vs-old-workflows	server_only	2yHZb5WahTrA0V6N
server-staging-vs-old-workflows	server_only	3RBlHZBr9Qu7noPv
server-staging-vs-old-workflows	server_only	3VXOMfnkfVAbYCCv
server-staging-vs-old-workflows	server_only	3mU3AgzVGn32W7a0
server-staging-vs-old-workflows	server_only	3tTEVvbHfNXeDhV6
server-staging-vs-old-workflows	server_only	4ia7LrmM1cSHBYSn
server-staging-vs-old-workflows	server_only	6JgEsqv3201GAdwo
server-staging-vs-old-workflows	server_only	6gtdlLj8KuEi17fa
server-staging-vs-old-workflows	server_only	75A2JCik14HAFpvv
server-staging-vs-old-workflows	server_only	7bW842XQGTBFwy3X
server-staging-vs-old-workflows	server_only	8DtPVtNUOQqNkPFB
server-staging-vs-old-workflows	server_only	8VcUIiVLn6L1WnVl
server-staging-vs-old-workflows	server_only	8zKKIiPdPwK9GeVO
server-staging-vs-old-workflows	server_only	9RQvZ6QpQIrsWIyb
server-staging-vs-old-workflows	server_only	9UMWY5gQhRAgrfBR
server-staging-vs-old-workflows	server_only	9aEtXUY1ZA4GxOUp
server-staging-vs-old-workflows	server_only	B1s18RqwyKuyBYx5
server-staging-vs-old-workflows	server_only	BBqyniKRWGpxdKCV
server-staging-vs-old-workflows	server_only	BOQZ56ATeiQbGGxe
server-staging-vs-old-workflows	server_only	BeuTIPPb8lh6vdCe
server-staging-vs-old-workflows	server_only	CdstScraperDeadLetterCanaryV1
server-staging-vs-old-workflows	server_only	CdstScraperIngestionCanaryV1
server-staging-vs-old-workflows	server_only	CdstSocialAccountAuthRequiredV1
server-staging-vs-old-workflows	server_only	CdstSocialAccountDisconnectedV1
server-staging-vs-old-workflows	server_only	CdstSocialAnalyticsUpdatedV1
server-staging-vs-old-workflows	server_only	CdstSocialCommentReceivedV1
server-staging-vs-old-workflows	server_only	CdstSocialDeadLetterV1
server-staging-vs-old-workflows	server_only	CdstSocialEventRouterV1
server-staging-vs-old-workflows	server_only	CdstSocialLeadQualificationV1
server-staging-vs-old-workflows	server_only	CdstSocialMessageReceivedV1
server-staging-vs-old-workflows	server_only	CdstSocialNotificationV1
server-staging-vs-old-workflows	server_only	CdstSocialOdooProjectionV1
server-staging-vs-old-workflows	server_only	CdstSocialPostFailedV1
server-staging-vs-old-workflows	server_only	CdstSocialPostPublishedV1
server-staging-vs-old-workflows	server_only	CodestraExternalWebhookCertV1
server-staging-vs-old-workflows	server_only	CodestraTestSynRuntimeV1
server-staging-vs-old-workflows	server_only	CqRIKI4wGhycNB3Y
server-staging-vs-old-workflows	server_only	Ct98LzkE7qSHJj0q
server-staging-vs-old-workflows	server_only	DcQ4de1YZ6QBJNHM
server-staging-vs-old-workflows	server_only	EkaqloqL8rhAaleW
server-staging-vs-old-workflows	server_only	EyANp6FMBkJXQtkA
server-staging-vs-old-workflows	server_only	F5ZnmrBHmECq6wy5
server-staging-vs-old-workflows	server_only	FK3ZPCPraxsehvUy
server-staging-vs-old-workflows	server_only	FO6RzSJQi6nqOZun
server-staging-vs-old-workflows	server_only	FQKiO9jcwTBUa3zB
server-staging-vs-old-workflows	server_only	Fd509lUgV8EGkZgS
server-staging-vs-old-workflows	server_only	FmjYYIXNrZPSjjg0
server-staging-vs-old-workflows	server_only	GCbPPl5nTWkIurCk
server-staging-vs-old-workflows	server_only	GR62Q5BuTn7whqEj
server-staging-vs-old-workflows	server_only	GSz64JlgZ2ow84Jf
server-staging-vs-old-workflows	server_only	GrMotNltISvI5Tr1
server-staging-vs-old-workflows	server_only	HgaGwyVIXLyUJ3MI
server-staging-vs-old-workflows	server_only	IIFWfQehGdOASclp
server-staging-vs-old-workflows	server_only	INDnS2usTuP9YS11
server-staging-vs-old-workflows	server_only	IdentityStaging01V1
server-staging-vs-old-workflows	server_only	IdentityStaging02V1
server-staging-vs-old-workflows	server_only	IdentityStaging03V1
server-staging-vs-old-workflows	server_only	IdentityStaging04V1
server-staging-vs-old-workflows	server_only	IdentityStaging05V1
server-staging-vs-old-workflows	server_only	IdentityStaging06V1
server-staging-vs-old-workflows	server_only	IdentityStaging07V1
server-staging-vs-old-workflows	server_only	IdentityStaging08V1
server-staging-vs-old-workflows	server_only	IdentityStaging09V1
server-staging-vs-old-workflows	server_only	IdentityStaging10V1
server-staging-vs-old-workflows	server_only	IdentityStaging11V1
server-staging-vs-old-workflows	server_only	IdentityStaging12V1
server-staging-vs-old-workflows	server_only	IdentityStaging13V1
server-staging-vs-old-workflows	server_only	IdentityStaging14V1
server-staging-vs-old-workflows	server_only	IdentityStaging15V1
server-staging-vs-old-workflows	server_only	JC3WiBpSrEsEYATv
server-staging-vs-old-workflows	server_only	JMGeYB7CQJOLaKIH
server-staging-vs-old-workflows	server_only	Ju4byveiAcbS0yVA
server-staging-vs-old-workflows	server_only	K1TXWN9XWmzpoctK
server-staging-vs-old-workflows	server_only	K8yCporxIXPPN9Vs
server-staging-vs-old-workflows	server_only	KFJdmvWib8cdu9on
server-staging-vs-old-workflows	server_only	KW2WRwbihgkrOXiU
server-staging-vs-old-workflows	server_only	KhrBxoeCRc1PVz65
server-staging-vs-old-workflows	server_only	Kpt7zkma49afbVA0
server-staging-vs-old-workflows	server_only	KqZ6wq6YpCiGmZ3R
server-staging-vs-old-workflows	server_only	L4WaZ8z2w4k9C0tj
server-staging-vs-old-workflows	server_only	LpXbx2lsX9m2zk5v
server-staging-vs-old-workflows	server_only	M23b7NhTLVhwAn3V
server-staging-vs-old-workflows	server_only	MB1QHz6G4rXFfZ2y
server-staging-vs-old-workflows	server_only	MPhpR0YIFRTJuXOp
server-staging-vs-old-workflows	server_only	MbLa27bDTW2HO86O
server-staging-vs-old-workflows	server_only	N8W00GlobalError20260722
server-staging-vs-old-workflows	server_only	N8W01IntakeRouter20260722
server-staging-vs-old-workflows	server_only	N8W02CallbackAudit20260722
server-staging-vs-old-workflows	server_only	N8W10RecordingResolver20260722
server-staging-vs-old-workflows	server_only	N8W11AIEnrichment20260722
server-staging-vs-old-workflows	server_only	N8W12FollowUpProposal20260722
server-staging-vs-old-workflows	server_only	N8W13ComplianceQA20260722
server-staging-vs-old-workflows	server_only	N8W14InternalAlert20260722
server-staging-vs-old-workflows	server_only	N8W90Reconciliation20260722
server-staging-vs-old-workflows	server_only	N8W99DeadLetterReplay20260722
server-staging-vs-old-workflows	server_only	NAQQSlMqpGQmahS2
server-staging-vs-old-workflows	server_only	NMVsbRtmxyMheZfl
server-staging-vs-old-workflows	server_only	NnKpXOO96OyyVqCJ
server-staging-vs-old-workflows	server_only	ObiOe5b1v1m86btv
server-staging-vs-old-workflows	server_only	OqvSFSXY8S0ryNiu
server-staging-vs-old-workflows	server_only	Orh5EyPt5J5oIyIR
server-staging-vs-old-workflows	server_only	PM5AQlRyXZTvMfAG
server-staging-vs-old-workflows	server_only	PY5n6uuqK96yLWYd
server-staging-vs-old-workflows	server_only	Pa95Z8ze5WLhgDNE
server-staging-vs-old-workflows	server_only	Phase2SyntheticC0F02BFD20260724
server-staging-vs-old-workflows	server_only	Qeiig4oewPmQoXRZ
server-staging-vs-old-workflows	server_only	QmuhdaIhlkAIig23
server-staging-vs-old-workflows	server_only	QwbVxjkMUNBtu9vO
server-staging-vs-old-workflows	server_only	R8iUrC1RPkxcVHU7
server-staging-vs-old-workflows	server_only	S9vPlsulrqXxRcyM
server-staging-vs-old-workflows	server_only	SIpedKp2mXtvJcmy
server-staging-vs-old-workflows	server_only	SMbHqURN2RNClHkT
server-staging-vs-old-workflows	server_only	SSarGk2go2NIM0B0
server-staging-vs-old-workflows	server_only	Sd20RqXX8V2CbOdx
server-staging-vs-old-workflows	server_only	SeZpIzKTlqManApk
server-staging-vs-old-workflows	server_only	TQ76dKOnPHyBqm3F
server-staging-vs-old-workflows	server_only	TQvSbpKYNEzjO4zk
server-staging-vs-old-workflows	server_only	TR3U0T81GeCLtYhH
server-staging-vs-old-workflows	server_only	TZ42l7Co0F8U9Gre
server-staging-vs-old-workflows	server_only	TcJit7NdTNFsbx8l
server-staging-vs-old-workflows	server_only	V1eL8BYjXkcX5TPT
server-staging-vs-old-workflows	server_only	VSvqL4MhmtJIuGYb
server-staging-vs-old-workflows	server_only	WbLD3c5Ovp5MsIY0
server-staging-vs-old-workflows	server_only	WfKZVpcMDW1EqM49
server-staging-vs-old-workflows	server_only	WnNgA9sndsZ9dZYY
server-staging-vs-old-workflows	server_only	WpNaJtsUVhZh97OJ
server-staging-vs-old-workflows	server_only	XLS4gcKgyt3y7lQI
server-staging-vs-old-workflows	server_only	XTNh2TiSE8LDmRaK
server-staging-vs-old-workflows	server_only	XuzRWJtIJUwPoeiJ
server-staging-vs-old-workflows	server_only	YKId4kSMuRlQrzvf
server-staging-vs-old-workflows	server_only	ZFgAA6PkpVUGWNbY
server-staging-vs-old-workflows	server_only	Zo8H7whDv39pCREt
server-staging-vs-old-workflows	server_only	aIXRFg4cVrTTF47F
server-staging-vs-old-workflows	server_only	aNPW9RkTpbFSdXAP
server-staging-vs-old-workflows	server_only	aYRsLmOEUEdgPxtV
server-staging-vs-old-workflows	server_only	aeLklVy72JLx2stW
server-staging-vs-old-workflows	server_only	bIzyObbuqLt8UHA9
server-staging-vs-old-workflows	server_only	bPj0LBuJ7Y6xmqcz
server-staging-vs-old-workflows	server_only	bX0NjFCA9T9CsrpK
server-staging-vs-old-workflows	server_only	bXlrM5GejasKi623
server-staging-vs-old-workflows	server_only	bvNlOUcaYMpnNELb
server-staging-vs-old-workflows	server_only	c2EPKqCSne2KpRwt
server-staging-vs-old-workflows	server_only	cdst-order-callback-v1
server-staging-vs-old-workflows	server_only	cdst-order-customer-setup-v1
server-staging-vs-old-workflows	server_only	cdst-order-dead-letter-v1
server-staging-vs-old-workflows	server_only	cdst-order-execute-v1
server-staging-vs-old-workflows	server_only	cdst-order-failure-v1
server-staging-vs-old-workflows	server_only	cdst-order-fulfillment-v1
server-staging-vs-old-workflows	server_only	cdst-order-intake-validate-v1
server-staging-vs-old-workflows	server_only	cdst-order-internal-report-v1
server-staging-vs-old-workflows	server_only	cdst-order-reconciliation-v1
server-staging-vs-old-workflows	server_only	cdst-order-result-v1
server-staging-vs-old-workflows	server_only	cdst-order-router-v1
server-staging-vs-old-workflows	server_only	cdst-order-shipping-v1
server-staging-vs-old-workflows	server_only	cdst-order-social-campaign-v1
server-staging-vs-old-workflows	server_only	cdst-order-social-draft-v1
server-staging-vs-old-workflows	server_only	cl4xK8gL2DT4ZeMm
server-staging-vs-old-workflows	server_only	dJ995LdC8y6zgX4F
server-staging-vs-old-workflows	server_only	dNg0aDTb48aSk2Ox
server-staging-vs-old-workflows	server_only	dYfO6gAAZVV81V1z
server-staging-vs-old-workflows	server_only	divWmfdxnhgHkYiH
server-staging-vs-old-workflows	server_only	dj7nW5obPSaotDIN
server-staging-vs-old-workflows	server_only	e618V0kNQeV70Tzg
server-staging-vs-old-workflows	server_only	e9Xx3FGiqq1DSBzt
server-staging-vs-old-workflows	server_only	eDUPQTtybjOqW1N3
server-staging-vs-old-workflows	server_only	ekysElMUP38241ct
server-staging-vs-old-workflows	server_only	f5Jc1pMghxylM3J7
server-staging-vs-old-workflows	server_only	gPGiHGqLY421Ffvf
server-staging-vs-old-workflows	server_only	gmlR4rEXvs8SGbP5
server-staging-vs-old-workflows	server_only	grEpxuVIUjDuyECY
server-staging-vs-old-workflows	server_only	gzNttNi54f0Agq20
server-staging-vs-old-workflows	server_only	h3RgjdNk5uFabCs4
server-staging-vs-old-workflows	server_only	hZicE1tVsrsPH3xs
server-staging-vs-old-workflows	server_only	hgrtbkaOgfqRcCJl
server-staging-vs-old-workflows	server_only	i9sAURjKwMw7LCuc
server-staging-vs-old-workflows	server_only	iw3rlFUJHmqWhrMv
server-staging-vs-old-workflows	server_only	ix1nhvtot83QP8Lq
server-staging-vs-old-workflows	server_only	j6jybvcNwf86Moyf
server-staging-vs-old-workflows	server_only	jRiBZ6qoqD2y83Nt
server-staging-vs-old-workflows	server_only	jj1dN753Z4K8EcRl
server-staging-vs-old-workflows	server_only	jubtdVXYOAODsSpF
server-staging-vs-old-workflows	server_only	kUqGmTgVTjHnIqf0
server-staging-vs-old-workflows	server_only	kcKosqAqG1bc2EKm
server-staging-vs-old-workflows	server_only	koBAaQ7pYcMvK3Mu
server-staging-vs-old-workflows	server_only	kscLp339SbfLJyR7
server-staging-vs-old-workflows	server_only	lmTe1H4sYQfXqrBs
server-staging-vs-old-workflows	server_only	lwx0oQBVOyjaCevi
server-staging-vs-old-workflows	server_only	mPGLC2ufOF7klHjJ
server-staging-vs-old-workflows	server_only	mbZf5RMq7ZQYReSO
server-staging-vs-old-workflows	server_only	mqrOjiDiNGT4bXym
server-staging-vs-old-workflows	server_only	n7jU9USCeXr7NSTh
server-staging-vs-old-workflows	server_only	nFDz8Em1XWqVuv3a
server-staging-vs-old-workflows	server_only	ncdm0TZSL5Alr8Mj
server-staging-vs-old-workflows	server_only	npBFzTP3ZnHxsMMu
server-staging-vs-old-workflows	server_only	o3GQ7pUrtZNYcDkL
server-staging-vs-old-workflows	server_only	oDnEJ08zBvtTXvDy
server-staging-vs-old-workflows	server_only	oF90ftTtKrOvFsbx
server-staging-vs-old-workflows	server_only	oXb3HBSLFi0jOS4O
server-staging-vs-old-workflows	server_only	p07P5i9hKIziCzSI
server-staging-vs-old-workflows	server_only	pwfTgkIESvKJlca2
server-staging-vs-old-workflows	server_only	q0NiJ9umhrXdCEIl
server-staging-vs-old-workflows	server_only	qlEJuENzxfJJOPkL
server-staging-vs-old-workflows	server_only	r0XkzJeBsrlM51d1
server-staging-vs-old-workflows	server_only	r5AIi9kI7LE8ULOg
server-staging-vs-old-workflows	server_only	rDTPy4gjyr9Yvujv
server-staging-vs-old-workflows	server_only	rQ1KWtQre9bUK98w
server-staging-vs-old-workflows	server_only	ropBmPpIKjZhbLOJ
server-staging-vs-old-workflows	server_only	s2J9HlGacc3NCeHS
server-staging-vs-old-workflows	server_only	sbmD7lcNUc27kHhZ
server-staging-vs-old-workflows	server_only	scgv3HWPGWT3Y1M7
server-staging-vs-old-workflows	server_only	srQsrmKyhlD9BK9h
server-staging-vs-old-workflows	server_only	t0a3hUOEKvCsZ1GJ
server-staging-vs-old-workflows	server_only	t30KHVs6nmnpnPSk
server-staging-vs-old-workflows	server_only	t5D9bUVypOOUyRt2
server-staging-vs-old-workflows	server_only	t5dHlLH7sBbRaViB
server-staging-vs-old-workflows	server_only	tFsNawzRt7qRF65P
server-staging-vs-old-workflows	server_only	uMXP4l0uyfArvves
server-staging-vs-old-workflows	server_only	uP4NPLVb2JoIHcYg
server-staging-vs-old-workflows	server_only	uQx5DQbOnExm5ESF
server-staging-vs-old-workflows	server_only	uUC2RA7AmzBuavLj
server-staging-vs-old-workflows	server_only	uZUkLEUxz8xt9IyP
server-staging-vs-old-workflows	server_only	vGrLiQs065XQYGLF
server-staging-vs-old-workflows	server_only	vZovbftit8g9b7TL
server-staging-vs-old-workflows	server_only	vdepUgeYLHi9MCok
server-staging-vs-old-workflows	server_only	w2S3eBmqqVHikE1T
server-staging-vs-old-workflows	server_only	xLPs1cYpE1RImq9e
server-staging-vs-old-workflows	server_only	xMaqCCXmkuU5HGz6
server-staging-vs-old-workflows	server_only	xiBKCxgFB2W11AVD
server-staging-vs-old-workflows	server_only	xrbECU0FGwBeYm1S
server-staging-vs-old-workflows	server_only	xrdvjOVuVEz9xMTe
server-staging-vs-old-workflows	server_only	zV7IdNhdb0juXLrj
server-staging-vs-old-workflows	server_only	zZDn194USY2eanK4
server-staging-vs-old-workflows	server_only	zmUi97JkYqUnSAg1
server-staging-vs-new-all-branches-workflows	server_only	0AJafUvCqEHDMVW0
server-staging-vs-new-all-branches-workflows	server_only	0ec6AXJVGZNnj3PE
server-staging-vs-new-all-branches-workflows	server_only	0uv6mrfJ2z6dmdOw
server-staging-vs-new-all-branches-workflows	server_only	1ZHaGAAwCKut7tXJ
server-staging-vs-new-all-branches-workflows	server_only	2dQQpp7ZtW8SOdtG
server-staging-vs-new-all-branches-workflows	server_only	2n8Qw73rJp35Vluj
server-staging-vs-new-all-branches-workflows	server_only	2uVI104Y0BNQqI7u
server-staging-vs-new-all-branches-workflows	server_only	2yHZb5WahTrA0V6N
server-staging-vs-new-all-branches-workflows	server_only	3RBlHZBr9Qu7noPv
server-staging-vs-new-all-branches-workflows	server_only	3VXOMfnkfVAbYCCv
server-staging-vs-new-all-branches-workflows	server_only	3mU3AgzVGn32W7a0
server-staging-vs-new-all-branches-workflows	server_only	3tTEVvbHfNXeDhV6
server-staging-vs-new-all-branches-workflows	server_only	4ia7LrmM1cSHBYSn
server-staging-vs-new-all-branches-workflows	server_only	6JgEsqv3201GAdwo
server-staging-vs-new-all-branches-workflows	server_only	6gtdlLj8KuEi17fa
server-staging-vs-new-all-branches-workflows	server_only	75A2JCik14HAFpvv
server-staging-vs-new-all-branches-workflows	server_only	7bW842XQGTBFwy3X
server-staging-vs-new-all-branches-workflows	server_only	8DtPVtNUOQqNkPFB
server-staging-vs-new-all-branches-workflows	server_only	8VcUIiVLn6L1WnVl
server-staging-vs-new-all-branches-workflows	server_only	8zKKIiPdPwK9GeVO
server-staging-vs-new-all-branches-workflows	server_only	9RQvZ6QpQIrsWIyb
server-staging-vs-new-all-branches-workflows	server_only	9UMWY5gQhRAgrfBR
server-staging-vs-new-all-branches-workflows	server_only	9aEtXUY1ZA4GxOUp
server-staging-vs-new-all-branches-workflows	server_only	B1s18RqwyKuyBYx5
server-staging-vs-new-all-branches-workflows	server_only	BBqyniKRWGpxdKCV
server-staging-vs-new-all-branches-workflows	server_only	BOQZ56ATeiQbGGxe
server-staging-vs-new-all-branches-workflows	server_only	BeuTIPPb8lh6vdCe
server-staging-vs-new-all-branches-workflows	server_only	CDST_AIHumanHandoff_v1
server-staging-vs-new-all-branches-workflows	server_only	CDST_AIWorkCompleted_v1
server-staging-vs-new-all-branches-workflows	server_only	CDST_AIWorkRequested_v1
server-staging-vs-new-all-branches-workflows	server_only	CDST_AgentNoShow_v1
server-staging-vs-new-all-branches-workflows	server_only	CDST_Appointment1HourReminder_v1
server-staging-vs-new-all-branches-workflows	server_only	CDST_Appointment24HourReminder_v1
server-staging-vs-new-all-branches-workflows	server_only	CDST_AppointmentCreated_v1
server-staging-vs-new-all-branches-workflows	server_only	CDST_CallbackDue_v1
server-staging-vs-new-all-branches-workflows	server_only	CDST_CallbackOverdue_v1
server-staging-vs-new-all-branches-workflows	server_only	CDST_CampaignRouter_v2
server-staging-vs-new-all-branches-workflows	server_only	CDST_CompleteExecution_v2
server-staging-vs-new-all-branches-workflows	server_only	CDST_CustomerNoShow_v1
server-staging-vs-new-all-branches-workflows	server_only	CDST_DailyAdminReport_v1
server-staging-vs-new-all-branches-workflows	server_only	CDST_DailyAgentReport_v1
server-staging-vs-new-all-branches-workflows	server_only	CDST_DailyCampaignReport_v1
server-staging-vs-new-all-branches-workflows	server_only	CDST_DailySupervisorReport_v1
server-staging-vs-new-all-branches-workflows	server_only	CDST_DeadLetterRecovery_v1
server-staging-vs-new-all-branches-workflows	server_only	CDST_DocumentMissing_v1
server-staging-vs-new-all-branches-workflows	server_only	CDST_DocumentReceived_v1
server-staging-vs-new-all-branches-workflows	server_only	CDST_DocumentRequested_v1
server-staging-vs-new-all-branches-workflows	server_only	CDST_EmailReplyReceived_v1
server-staging-vs-new-all-branches-workflows	server_only	CDST_EmailSend_v1
server-staging-vs-new-all-branches-workflows	server_only	CDST_ErrorHandler_v1
server-staging-vs-new-all-branches-workflows	server_only	CDST_EventRouter_v2
server-staging-vs-new-all-branches-workflows	server_only	CDST_FollowupDue_v1
server-staging-vs-new-all-branches-workflows	server_only	CDST_FollowupOverdue_v1
server-staging-vs-new-all-branches-workflows	server_only	CDST_LeadAssignment_v1
server-staging-vs-new-all-branches-workflows	server_only	CDST_ManagerEscalation_v1
server-staging-vs-new-all-branches-workflows	server_only	CDST_NextActionCreated_v1
server-staging-vs-new-all-branches-workflows	server_only	CDST_NoActivity_v1
server-staging-vs-new-all-branches-workflows	server_only	CDST_SMSAuthorizedSend_v1
server-staging-vs-new-all-branches-workflows	server_only	CDST_SMSReplyReceived_v1
server-staging-vs-new-all-branches-workflows	server_only	CDST_SupervisorEscalation_v1
server-staging-vs-new-all-branches-workflows	server_only	CdstScraperDeadLetterCanaryV1
server-staging-vs-new-all-branches-workflows	server_only	CdstScraperIngestionCanaryV1
server-staging-vs-new-all-branches-workflows	server_only	CdstSocialAccountAuthRequiredV1
server-staging-vs-new-all-branches-workflows	server_only	CdstSocialAccountDisconnectedV1
server-staging-vs-new-all-branches-workflows	server_only	CdstSocialAnalyticsUpdatedV1
server-staging-vs-new-all-branches-workflows	server_only	CdstSocialCommentReceivedV1
server-staging-vs-new-all-branches-workflows	server_only	CdstSocialDeadLetterV1
server-staging-vs-new-all-branches-workflows	server_only	CdstSocialEventRouterV1
server-staging-vs-new-all-branches-workflows	server_only	CdstSocialLeadQualificationV1
server-staging-vs-new-all-branches-workflows	server_only	CdstSocialMessageReceivedV1
server-staging-vs-new-all-branches-workflows	server_only	CdstSocialNotificationV1
server-staging-vs-new-all-branches-workflows	server_only	CdstSocialOdooProjectionV1
server-staging-vs-new-all-branches-workflows	server_only	CdstSocialPostFailedV1
server-staging-vs-new-all-branches-workflows	server_only	CdstSocialPostPublishedV1
server-staging-vs-new-all-branches-workflows	server_only	CodestraExternalWebhookCertV1
server-staging-vs-new-all-branches-workflows	server_only	CodestraTestSynRuntimeV1
server-staging-vs-new-all-branches-workflows	server_only	CqRIKI4wGhycNB3Y
server-staging-vs-new-all-branches-workflows	server_only	Ct98LzkE7qSHJj0q
server-staging-vs-new-all-branches-workflows	server_only	DcQ4de1YZ6QBJNHM
server-staging-vs-new-all-branches-workflows	server_only	EkaqloqL8rhAaleW
server-staging-vs-new-all-branches-workflows	server_only	EyANp6FMBkJXQtkA
server-staging-vs-new-all-branches-workflows	server_only	F5ZnmrBHmECq6wy5
server-staging-vs-new-all-branches-workflows	server_only	FK3ZPCPraxsehvUy
server-staging-vs-new-all-branches-workflows	server_only	FO6RzSJQi6nqOZun
server-staging-vs-new-all-branches-workflows	server_only	FQKiO9jcwTBUa3zB
server-staging-vs-new-all-branches-workflows	server_only	Fd509lUgV8EGkZgS
server-staging-vs-new-all-branches-workflows	server_only	FmjYYIXNrZPSjjg0
server-staging-vs-new-all-branches-workflows	server_only	GCbPPl5nTWkIurCk
server-staging-vs-new-all-branches-workflows	server_only	GR62Q5BuTn7whqEj
server-staging-vs-new-all-branches-workflows	server_only	GSz64JlgZ2ow84Jf
server-staging-vs-new-all-branches-workflows	server_only	GrMotNltISvI5Tr1
server-staging-vs-new-all-branches-workflows	server_only	HgaGwyVIXLyUJ3MI
server-staging-vs-new-all-branches-workflows	server_only	IIFWfQehGdOASclp
server-staging-vs-new-all-branches-workflows	server_only	INDnS2usTuP9YS11
server-staging-vs-new-all-branches-workflows	server_only	IdentityStaging01V1
server-staging-vs-new-all-branches-workflows	server_only	IdentityStaging02V1
server-staging-vs-new-all-branches-workflows	server_only	IdentityStaging03V1
server-staging-vs-new-all-branches-workflows	server_only	IdentityStaging04V1
server-staging-vs-new-all-branches-workflows	server_only	IdentityStaging05V1
server-staging-vs-new-all-branches-workflows	server_only	IdentityStaging06V1
server-staging-vs-new-all-branches-workflows	server_only	IdentityStaging07V1
server-staging-vs-new-all-branches-workflows	server_only	IdentityStaging08V1
server-staging-vs-new-all-branches-workflows	server_only	IdentityStaging09V1
server-staging-vs-new-all-branches-workflows	server_only	IdentityStaging10V1
server-staging-vs-new-all-branches-workflows	server_only	IdentityStaging11V1
server-staging-vs-new-all-branches-workflows	server_only	IdentityStaging12V1
server-staging-vs-new-all-branches-workflows	server_only	IdentityStaging13V1
server-staging-vs-new-all-branches-workflows	server_only	IdentityStaging14V1
server-staging-vs-new-all-branches-workflows	server_only	IdentityStaging15V1
server-staging-vs-new-all-branches-workflows	server_only	JC3WiBpSrEsEYATv
server-staging-vs-new-all-branches-workflows	server_only	JMGeYB7CQJOLaKIH
server-staging-vs-new-all-branches-workflows	server_only	Ju4byveiAcbS0yVA
server-staging-vs-new-all-branches-workflows	server_only	K1TXWN9XWmzpoctK
server-staging-vs-new-all-branches-workflows	server_only	K8yCporxIXPPN9Vs
server-staging-vs-new-all-branches-workflows	server_only	KFJdmvWib8cdu9on
server-staging-vs-new-all-branches-workflows	server_only	KW2WRwbihgkrOXiU
server-staging-vs-new-all-branches-workflows	server_only	KhrBxoeCRc1PVz65
server-staging-vs-new-all-branches-workflows	server_only	Kpt7zkma49afbVA0
server-staging-vs-new-all-branches-workflows	server_only	KqZ6wq6YpCiGmZ3R
server-staging-vs-new-all-branches-workflows	server_only	L4WaZ8z2w4k9C0tj
server-staging-vs-new-all-branches-workflows	server_only	LpXbx2lsX9m2zk5v
server-staging-vs-new-all-branches-workflows	server_only	M23b7NhTLVhwAn3V
server-staging-vs-new-all-branches-workflows	server_only	MB1QHz6G4rXFfZ2y
server-staging-vs-new-all-branches-workflows	server_only	MPhpR0YIFRTJuXOp
server-staging-vs-new-all-branches-workflows	server_only	MbLa27bDTW2HO86O
server-staging-vs-new-all-branches-workflows	server_only	N8W00GlobalError20260722
server-staging-vs-new-all-branches-workflows	server_only	N8W01IntakeRouter20260722
server-staging-vs-new-all-branches-workflows	server_only	N8W02CallbackAudit20260722
server-staging-vs-new-all-branches-workflows	server_only	N8W10RecordingResolver20260722
server-staging-vs-new-all-branches-workflows	server_only	N8W11AIEnrichment20260722
server-staging-vs-new-all-branches-workflows	server_only	N8W12FollowUpProposal20260722
server-staging-vs-new-all-branches-workflows	server_only	N8W13ComplianceQA20260722
server-staging-vs-new-all-branches-workflows	server_only	N8W14InternalAlert20260722
server-staging-vs-new-all-branches-workflows	server_only	N8W90Reconciliation20260722
server-staging-vs-new-all-branches-workflows	server_only	N8W99DeadLetterReplay20260722
server-staging-vs-new-all-branches-workflows	server_only	NAQQSlMqpGQmahS2
server-staging-vs-new-all-branches-workflows	server_only	NMVsbRtmxyMheZfl
server-staging-vs-new-all-branches-workflows	server_only	NnKpXOO96OyyVqCJ
server-staging-vs-new-all-branches-workflows	server_only	ObiOe5b1v1m86btv
server-staging-vs-new-all-branches-workflows	server_only	OqvSFSXY8S0ryNiu
server-staging-vs-new-all-branches-workflows	server_only	Orh5EyPt5J5oIyIR
server-staging-vs-new-all-branches-workflows	server_only	PM5AQlRyXZTvMfAG
server-staging-vs-new-all-branches-workflows	server_only	PY5n6uuqK96yLWYd
server-staging-vs-new-all-branches-workflows	server_only	Pa95Z8ze5WLhgDNE
server-staging-vs-new-all-branches-workflows	server_only	Phase2SyntheticC0F02BFD20260724
server-staging-vs-new-all-branches-workflows	server_only	Qeiig4oewPmQoXRZ
server-staging-vs-new-all-branches-workflows	server_only	QmuhdaIhlkAIig23
server-staging-vs-new-all-branches-workflows	server_only	QwbVxjkMUNBtu9vO
server-staging-vs-new-all-branches-workflows	server_only	R8iUrC1RPkxcVHU7
server-staging-vs-new-all-branches-workflows	server_only	S9vPlsulrqXxRcyM
server-staging-vs-new-all-branches-workflows	server_only	SIpedKp2mXtvJcmy
server-staging-vs-new-all-branches-workflows	server_only	SMbHqURN2RNClHkT
server-staging-vs-new-all-branches-workflows	server_only	SSarGk2go2NIM0B0
server-staging-vs-new-all-branches-workflows	server_only	Sd20RqXX8V2CbOdx
server-staging-vs-new-all-branches-workflows	server_only	SeZpIzKTlqManApk
server-staging-vs-new-all-branches-workflows	server_only	TQ76dKOnPHyBqm3F
server-staging-vs-new-all-branches-workflows	server_only	TQvSbpKYNEzjO4zk
server-staging-vs-new-all-branches-workflows	server_only	TR3U0T81GeCLtYhH
server-staging-vs-new-all-branches-workflows	server_only	TZ42l7Co0F8U9Gre
server-staging-vs-new-all-branches-workflows	server_only	TcJit7NdTNFsbx8l
server-staging-vs-new-all-branches-workflows	server_only	V1eL8BYjXkcX5TPT
server-staging-vs-new-all-branches-workflows	server_only	VSvqL4MhmtJIuGYb
server-staging-vs-new-all-branches-workflows	server_only	WbLD3c5Ovp5MsIY0
server-staging-vs-new-all-branches-workflows	server_only	WfKZVpcMDW1EqM49
server-staging-vs-new-all-branches-workflows	server_only	WnNgA9sndsZ9dZYY
server-staging-vs-new-all-branches-workflows	server_only	WpNaJtsUVhZh97OJ
server-staging-vs-new-all-branches-workflows	server_only	XLS4gcKgyt3y7lQI
server-staging-vs-new-all-branches-workflows	server_only	XTNh2TiSE8LDmRaK
server-staging-vs-new-all-branches-workflows	server_only	XuzRWJtIJUwPoeiJ
server-staging-vs-new-all-branches-workflows	server_only	YKId4kSMuRlQrzvf
server-staging-vs-new-all-branches-workflows	server_only	ZFgAA6PkpVUGWNbY
server-staging-vs-new-all-branches-workflows	server_only	Zo8H7whDv39pCREt
server-staging-vs-new-all-branches-workflows	server_only	aIXRFg4cVrTTF47F
server-staging-vs-new-all-branches-workflows	server_only	aNPW9RkTpbFSdXAP
server-staging-vs-new-all-branches-workflows	server_only	aYRsLmOEUEdgPxtV
server-staging-vs-new-all-branches-workflows	server_only	aeLklVy72JLx2stW
server-staging-vs-new-all-branches-workflows	server_only	bIzyObbuqLt8UHA9
server-staging-vs-new-all-branches-workflows	server_only	bPj0LBuJ7Y6xmqcz
server-staging-vs-new-all-branches-workflows	server_only	bX0NjFCA9T9CsrpK
server-staging-vs-new-all-branches-workflows	server_only	bXlrM5GejasKi623
server-staging-vs-new-all-branches-workflows	server_only	bvNlOUcaYMpnNELb
server-staging-vs-new-all-branches-workflows	server_only	c2EPKqCSne2KpRwt
server-staging-vs-new-all-branches-workflows	server_only	cdst-order-callback-v1
server-staging-vs-new-all-branches-workflows	server_only	cdst-order-customer-setup-v1
server-staging-vs-new-all-branches-workflows	server_only	cdst-order-dead-letter-v1
server-staging-vs-new-all-branches-workflows	server_only	cdst-order-execute-v1
server-staging-vs-new-all-branches-workflows	server_only	cdst-order-failure-v1
server-staging-vs-new-all-branches-workflows	server_only	cdst-order-fulfillment-v1
server-staging-vs-new-all-branches-workflows	server_only	cdst-order-intake-validate-v1
server-staging-vs-new-all-branches-workflows	server_only	cdst-order-internal-report-v1
server-staging-vs-new-all-branches-workflows	server_only	cdst-order-reconciliation-v1
server-staging-vs-new-all-branches-workflows	server_only	cdst-order-result-v1
server-staging-vs-new-all-branches-workflows	server_only	cdst-order-router-v1
server-staging-vs-new-all-branches-workflows	server_only	cdst-order-shipping-v1
server-staging-vs-new-all-branches-workflows	server_only	cdst-order-social-campaign-v1
server-staging-vs-new-all-branches-workflows	server_only	cdst-order-social-draft-v1
server-staging-vs-new-all-branches-workflows	server_only	cl4xK8gL2DT4ZeMm
server-staging-vs-new-all-branches-workflows	server_only	codestra_contract_sent
server-staging-vs-new-all-branches-workflows	server_only	codestra_deposit_received
server-staging-vs-new-all-branches-workflows	server_only	codestra_discovery_completed
server-staging-vs-new-all-branches-workflows	server_only	codestra_discovery_scheduled
server-staging-vs-new-all-branches-workflows	server_only	codestra_project_handoff
server-staging-vs-new-all-branches-workflows	server_only	codestra_proposal_overdue
server-staging-vs-new-all-branches-workflows	server_only	codestra_proposal_sent
server-staging-vs-new-all-branches-workflows	server_only	codestra_retainer_followup
server-staging-vs-new-all-branches-workflows	server_only	codestra_technical_review
server-staging-vs-new-all-branches-workflows	server_only	dJ995LdC8y6zgX4F
server-staging-vs-new-all-branches-workflows	server_only	dNg0aDTb48aSk2Ox
server-staging-vs-new-all-branches-workflows	server_only	dYfO6gAAZVV81V1z
server-staging-vs-new-all-branches-workflows	server_only	divWmfdxnhgHkYiH
server-staging-vs-new-all-branches-workflows	server_only	dj7nW5obPSaotDIN
server-staging-vs-new-all-branches-workflows	server_only	e618V0kNQeV70Tzg
server-staging-vs-new-all-branches-workflows	server_only	e9Xx3FGiqq1DSBzt
server-staging-vs-new-all-branches-workflows	server_only	eDUPQTtybjOqW1N3
server-staging-vs-new-all-branches-workflows	server_only	ekysElMUP38241ct
server-staging-vs-new-all-branches-workflows	server_only	f5Jc1pMghxylM3J7
server-staging-vs-new-all-branches-workflows	server_only	gPGiHGqLY421Ffvf
server-staging-vs-new-all-branches-workflows	server_only	gmlR4rEXvs8SGbP5
server-staging-vs-new-all-branches-workflows	server_only	grEpxuVIUjDuyECY
server-staging-vs-new-all-branches-workflows	server_only	gzNttNi54f0Agq20
server-staging-vs-new-all-branches-workflows	server_only	h3RgjdNk5uFabCs4
server-staging-vs-new-all-branches-workflows	server_only	hZicE1tVsrsPH3xs
server-staging-vs-new-all-branches-workflows	server_only	hgrtbkaOgfqRcCJl
server-staging-vs-new-all-branches-workflows	server_only	i9sAURjKwMw7LCuc
server-staging-vs-new-all-branches-workflows	server_only	iw3rlFUJHmqWhrMv
server-staging-vs-new-all-branches-workflows	server_only	ix1nhvtot83QP8Lq
server-staging-vs-new-all-branches-workflows	server_only	j6jybvcNwf86Moyf
server-staging-vs-new-all-branches-workflows	server_only	jRiBZ6qoqD2y83Nt
server-staging-vs-new-all-branches-workflows	server_only	jj1dN753Z4K8EcRl
server-staging-vs-new-all-branches-workflows	server_only	jubtdVXYOAODsSpF
server-staging-vs-new-all-branches-workflows	server_only	kUqGmTgVTjHnIqf0
server-staging-vs-new-all-branches-workflows	server_only	kcKosqAqG1bc2EKm
server-staging-vs-new-all-branches-workflows	server_only	koBAaQ7pYcMvK3Mu
server-staging-vs-new-all-branches-workflows	server_only	kscLp339SbfLJyR7
server-staging-vs-new-all-branches-workflows	server_only	lmTe1H4sYQfXqrBs
server-staging-vs-new-all-branches-workflows	server_only	lwx0oQBVOyjaCevi
server-staging-vs-new-all-branches-workflows	server_only	mPGLC2ufOF7klHjJ
server-staging-vs-new-all-branches-workflows	server_only	mbZf5RMq7ZQYReSO
server-staging-vs-new-all-branches-workflows	server_only	moneybee_additional_info
server-staging-vs-new-all-branches-workflows	server_only	moneybee_application_started
server-staging-vs-new-all-branches-workflows	server_only	moneybee_documents_overdue
server-staging-vs-new-all-branches-workflows	server_only	moneybee_documents_partial
server-staging-vs-new-all-branches-workflows	server_only	moneybee_documents_requested
server-staging-vs-new-all-branches-workflows	server_only	moneybee_funding_followup
server-staging-vs-new-all-branches-workflows	server_only	moneybee_offer_sent
server-staging-vs-new-all-branches-workflows	server_only	moneybee_post_funding
server-staging-vs-new-all-branches-workflows	server_only	moneybee_prequalified
server-staging-vs-new-all-branches-workflows	server_only	moneybee_renewal
server-staging-vs-new-all-branches-workflows	server_only	moneybee_underwriting_followup
server-staging-vs-new-all-branches-workflows	server_only	mqrOjiDiNGT4bXym
server-staging-vs-new-all-branches-workflows	server_only	n7jU9USCeXr7NSTh
server-staging-vs-new-all-branches-workflows	server_only	nFDz8Em1XWqVuv3a
server-staging-vs-new-all-branches-workflows	server_only	ncdm0TZSL5Alr8Mj
server-staging-vs-new-all-branches-workflows	server_only	npBFzTP3ZnHxsMMu
server-staging-vs-new-all-branches-workflows	server_only	o3GQ7pUrtZNYcDkL
server-staging-vs-new-all-branches-workflows	server_only	oDnEJ08zBvtTXvDy
server-staging-vs-new-all-branches-workflows	server_only	oF90ftTtKrOvFsbx
server-staging-vs-new-all-branches-workflows	server_only	oXb3HBSLFi0jOS4O
server-staging-vs-new-all-branches-workflows	server_only	p07P5i9hKIziCzSI
server-staging-vs-new-all-branches-workflows	server_only	pwfTgkIESvKJlca2
server-staging-vs-new-all-branches-workflows	server_only	q0NiJ9umhrXdCEIl
server-staging-vs-new-all-branches-workflows	server_only	qlEJuENzxfJJOPkL
server-staging-vs-new-all-branches-workflows	server_only	r0XkzJeBsrlM51d1
server-staging-vs-new-all-branches-workflows	server_only	r5AIi9kI7LE8ULOg
server-staging-vs-new-all-branches-workflows	server_only	rDTPy4gjyr9Yvujv
server-staging-vs-new-all-branches-workflows	server_only	rQ1KWtQre9bUK98w
server-staging-vs-new-all-branches-workflows	server_only	ropBmPpIKjZhbLOJ
server-staging-vs-new-all-branches-workflows	server_only	s2J9HlGacc3NCeHS
server-staging-vs-new-all-branches-workflows	server_only	sbmD7lcNUc27kHhZ
server-staging-vs-new-all-branches-workflows	server_only	scgv3HWPGWT3Y1M7
server-staging-vs-new-all-branches-workflows	server_only	senior_delivery_followup
server-staging-vs-new-all-branches-workflows	server_only	senior_payment_confirmed
server-staging-vs-new-all-branches-workflows	server_only	senior_payment_pending
server-staging-vs-new-all-branches-workflows	server_only	senior_product_selected
server-staging-vs-new-all-branches-workflows	server_only	senior_reorder_due
server-staging-vs-new-all-branches-workflows	server_only	senior_shipped
server-staging-vs-new-all-branches-workflows	server_only	senior_support
server-staging-vs-new-all-branches-workflows	server_only	srQsrmKyhlD9BK9h
server-staging-vs-new-all-branches-workflows	server_only	student_additional_info
server-staging-vs-new-all-branches-workflows	server_only	student_counselor_appointment
server-staging-vs-new-all-branches-workflows	server_only	student_documents_missing
server-staging-vs-new-all-branches-workflows	server_only	student_documents_requested
server-staging-vs-new-all-branches-workflows	server_only	student_eligibility_review
server-staging-vs-new-all-branches-workflows	server_only	student_enrollment_followup
server-staging-vs-new-all-branches-workflows	server_only	student_response_followup
server-staging-vs-new-all-branches-workflows	server_only	student_submission
server-staging-vs-new-all-branches-workflows	server_only	t0a3hUOEKvCsZ1GJ
server-staging-vs-new-all-branches-workflows	server_only	t30KHVs6nmnpnPSk
server-staging-vs-new-all-branches-workflows	server_only	t5D9bUVypOOUyRt2
server-staging-vs-new-all-branches-workflows	server_only	t5dHlLH7sBbRaViB
server-staging-vs-new-all-branches-workflows	server_only	tFsNawzRt7qRF65P
server-staging-vs-new-all-branches-workflows	server_only	transportation_carrier_packet
server-staging-vs-new-all-branches-workflows	server_only	transportation_delivery_followup
server-staging-vs-new-all-branches-workflows	server_only	transportation_load_booked
server-staging-vs-new-all-branches-workflows	server_only	transportation_pickup_reminder
server-staging-vs-new-all-branches-workflows	server_only	transportation_quote_requested
server-staging-vs-new-all-branches-workflows	server_only	transportation_quote_sent_followup
server-staging-vs-new-all-branches-workflows	server_only	transportation_repeat_load
server-staging-vs-new-all-branches-workflows	server_only	uMXP4l0uyfArvves
server-staging-vs-new-all-branches-workflows	server_only	uP4NPLVb2JoIHcYg
server-staging-vs-new-all-branches-workflows	server_only	uQx5DQbOnExm5ESF
server-staging-vs-new-all-branches-workflows	server_only	uUC2RA7AmzBuavLj
server-staging-vs-new-all-branches-workflows	server_only	uZUkLEUxz8xt9IyP
server-staging-vs-new-all-branches-workflows	server_only	vGrLiQs065XQYGLF
server-staging-vs-new-all-branches-workflows	server_only	vZovbftit8g9b7TL
server-staging-vs-new-all-branches-workflows	server_only	vdepUgeYLHi9MCok
server-staging-vs-new-all-branches-workflows	server_only	w2S3eBmqqVHikE1T
server-staging-vs-new-all-branches-workflows	server_only	xLPs1cYpE1RImq9e
server-staging-vs-new-all-branches-workflows	server_only	xMaqCCXmkuU5HGz6
server-staging-vs-new-all-branches-workflows	server_only	xiBKCxgFB2W11AVD
server-staging-vs-new-all-branches-workflows	server_only	xrbECU0FGwBeYm1S
server-staging-vs-new-all-branches-workflows	server_only	xrdvjOVuVEz9xMTe
server-staging-vs-new-all-branches-workflows	server_only	zV7IdNhdb0juXLrj
server-staging-vs-new-all-branches-workflows	server_only	zZDn194USY2eanK4
server-staging-vs-new-all-branches-workflows	server_only	zmUi97JkYqUnSAg1
server-staging-vs-new-all-branches-workflows	github_only	CdstCrmVicidialReconciliationFailureV1
server-staging-vs-new-all-branches-workflows	github_only	CdstCrmVicidialReconciliationV1
server-staging-vs-new-all-branches-workflows	github_only	CdstWF0000
server-staging-vs-new-all-branches-workflows	github_only	CdstWF1001
server-staging-vs-new-all-branches-workflows	github_only	CdstWF2002
server-staging-vs-new-all-branches-workflows	github_only	CdstWF3003
server-staging-vs-new-all-branches-workflows	github_only	CdstWF4004
server-staging-vs-new-all-branches-workflows	github_only	CdstWF5005
server-staging-vs-new-all-branches-workflows	github_only	CdstWF6006
server-staging-vs-new-all-branches-workflows	github_only	CdstWF7007
server-staging-vs-new-all-branches-workflows	github_only	CdstWF9008
